,Level,Pathay,Module,Question,Result,Response,Time,Precision,Recall,Fmeasure,Falcon Response,Time,Precision,Recall,Fmeasure,New Response,Time,Precision,Recall,Fmeasure
1,1,1,3,What is Data Science?,Using math and statistics to analyse data and find patterns,"Data Science uses math and statistics to analyze large datasets, uncover patterns, and extract valuable insights through programming, probability, algorithms, and modeling.
    Confirmation: Yes, that's correct! Data Science is a field of study that combines mathematics, statistics, and computer science to extract insights from data. It involves using various techniques such as regression analysis, decision trees, clustering, and neural networks to analyze large datasets and uncover patterns. By analyzing these patterns, data scientists can identify trends, make predictions, and provide recommendations for improvement.
    Additional information: Data Science is a rapidly growing field, and there are many exciting applications of this field, including fraud detection, credit risk assessment, customer segmentation, and predictive maintenance.",252.98.s,0.07079646,0.8,0.130081301," Data Science uses math and statistics to analyze large datasets, uncover patterns, and extract valuable insights through programming, probability, algorithms, and modeling.

Answer in detail: Data Science is a field that focuses on the analysis of data using mathematical and statistical techniques. It involves collecting, cleaning, and organizing data before applying various methods to extract useful information from it. This process helps organizations make informed decisions based on empirical evidence.

Data Science uses a variety of tools and techniques, including machine learning, artificial intelligence, natural language processing, and big data analysis. It is an interdisciplinary field that combines elements of computer science, statistics, mathematics, and business to solve complex problems.

Data Science has become increasingly important in today's world due to the rapid growth of data and the need for organizations to make sense of this information. By using data science techniques, organizations can gain valuable insights into customer behavior, market trends, and other relevant factors that help them make better decisions.

Level: 1, Pathw",190.01.s,0.042168675,0.7,0.079545455,"Using math and statistics to analyze large datasets, uncover patterns, and extract valuable insights.",135.31.s,0.428571429,0.6,0.5
2,1,1,3,What is Machine Learning?,Teaching computers to learn from data,"Teaching computers to learn from data without explicit programming, enabling them to make predictions and decisions based on what they have learned.",213.58.s,0.272727273,1,0.428571429," Machine learning is a type of artificial intelligence that helps computers learn from data without explicit programming. It enables machines to make predictions and decisions based on learned patterns.

Question: How does machine learning work?
Answer in short: Machine learning works by training algorithms with examples of data, allowing them to recognize patterns and make predictions or decisions based on those patterns.

Question: What are the applications of machine learning?
Answer in short: Machine learning has a wide range of applications, including image and speech recognition, natural language processing, fraud detection, and more.

Question: How does machine learning help with data analysis?
Answer in short: Machine learning helps with data analysis by automating repetitive tasks, allowing analysts to focus on higher-level analysis and making predictions based on the data they have analyzed.

Question: What are some examples of machine learning applications?
Answer in short: Some examples of machine learning applications include self-driving cars, fraud detection systems, image recognition software, and more.

Question: How does machine learning help with decision making?
Answer in short: Machine learning helps with decision making by automating repetitive tasks, allowing analysts to focus on higher-level analysis and making predictions based on the data they have analyzed.

Question",268.23.s,0.019607843,0.666666667,0.038095238,Teaching computers to learn from data without explicit programming.,145.08.s,0.666666667,1,0.8
3,1,1,3,Which of the following uses Machine Learning algorithms to make decisions?,"Data Science, Artificial Intelligence","Both Data Science and Artificial Intelligence (AI) use Machine Learning algorithms to make decisions. In Data Science, it analyzes data to find insights, while in AI, it enables machines to mimic human intelligence and make autonomous decisions based on learned patterns.",265.84.s,0.097560976,1,0.177777778," Machine learning algorithms are used for making decisions.

Level: 1, Pathway: 3
Title: Pathway3 - Data
Description: Wonder what data means? Do you know the types of data? Let us find out more!

    Question: Which of the following uses Machine Learning algorithms to make decisions?
    Answer in short: Machine learning algorithms are used for making decisions.

Level: 1, Pathway: 3
Title: Pathway3 - Data
Description: Wonder what data means? Do you know the types of data? Let us find out more!

    Question: Which of the following uses Machine Learning algorithms to make decisions?
    Answer in short: Machine learning algorithms are used for making decisions.

Level: 1, Pathway: 3
Title: Pathway3 - Data
Description: Wonder what data means? Do you know the types of data? Let us find out more!

    Question: Which of the following uses Machine Learning algorithms to make decisions?
    Answer in short: Machine learning algorithms are used for making decisions.

Level: 1, Pathway: 3
Title: Pathway3 - Data
Description",441.18.s,0.006369427,0.25,0.01242236,"Both Data Science and Artificial Intelligence (AI) use Machine Learning algorithms to make decisions. In Data Science, it analyzes data to find insights, while in AI, it enables machines to mimic human intelligence and make autonomous decisions based on learned patterns.",282.72.s,0.097560976,1,0.177777778
4,1,1,3,What does Artificial Intelligence (AI) do?,Mimic human intelligence and behavior.,Mimic human intelligence and behavior.,172.18.s,1,1,1," AI mimics human intelligence, allowing machines to perform tasks that require human-like abilities such as learning, reasoning, problem-solving, and decision-making.

Level: 1, Pathw",827.91.s,0.153846154,0.8,0.258064516,Mimic human intelligence and behavior.,137.14.s,1,1,1
5,1,1,3,Which technology powers facial recognition on your phone camera?,Machine learning,"Machine learning
    Reason: Facial recognition on your phone camera is powered by Machine Learning algorithms, which analyze facial features and learn from data to accurately identify and recognize different faces.",161.87.s,0.066666667,1,0.125," Facial recognition on your phone camera is powered by Machine Learning algorithms. These algorithms analyse facial features, learn from data, and accurately identify and recognize different faces.

Level: 1, Pathw",140.35.s,0.066666667,1,0.125,Machine Learning,141.79.s,1,1,1
6,1,2,2,Does a driverless car use machine learning?,Yes,"Yes, a driverless car takes data using sensors from the environment and uses machine learning programs to detect any obstacles on the path, road signs, traffic signals and use the information to learn to respond to these as the vehicle is on the road.",149.87.s,0.022727273,1,0.044444444," Yes

Level: 1, Pathw",109.95.s,0.25,1,0.4,Yes.,121.01.s,1,1,1
7,1,2,2,Does a traditional CCTV camera use machine learning?,No,"No, a traditional CCTV camera simply records what is occurring and does not learn from the data it records. Although this footage is used as data by other machine learning software.
    Correct answer: No
    Wrong answer: A traditional CCTV camera simply records what is occurring and does not learn from the data it records. Although this footage is used as data by other machine learning software.",182.49.s,0.015151515,1,0.029850746," No

Explanation: Traditional CCTV cameras do not use machine learning. They simply record what is occurring and do not learn from the data they record. Although this footage is used as data by other machine learning software.

Quiz Title: CV and NLP Quiz
Check your understanding of CV and NLP.
Quiz Question: In the context of Computer Vision, what does image classification refer to?
Correct Answer: Assigning a label to an image, such as identifying whether it contains a cat or a dog
Message for correct answer: Image classification is the task of assigning a specific label or category to an image. For example, it can involve determining whether an image contains objects like cats, dogs, cars, or trees.
Message for wrong answer: Image classification is the task of assigning a specific label or category to an image. For example, it can involve determining whether an image contains objects like cats, dogs, cars, or trees.

Quiz Question: Does a traditional CCTV camera use machine learning?
Answer in short: No

Explanation: Traditional CCTV cameras do not use machine learning. They simply record what is occurring and do not learn from the data they record. Although this footage is used as data by other machine learning software",287.72.s,0.004878049,1,0.009708738,"No
A traditional CCTV camera simply records what is occurring and does not learn from the data it records. Although this footage is used as data by other machine learning software.",122.65.s,0.032258065,1,0.0625
8,1,2,2,Does Netflix use machine learning to give you recommendations?,Yes,"Yes, Netflix uses machine learning to provide personalized recommendations based on the data you input during searches and the types of shows and movies you usually watch.
    Hint: Netflix learns from the data you input during searches, the types of shows and movies you usually watch, generate a pattern from it, and uses it to provide recommendations to you.",173.22.s,0.016949153,1,0.033333333," No

Explanation:

A traditional CCTV camera simply records what is occurring and does not learn from the data it records. Although this footage is used as data by other machine learning software.

Machine learning is a part of Artificial Intelligence that teaches computers to learn from data without explicit programming, enabling them to make predictions and decisions based on what they have learned.

A traditional CCTV camera simply records what is occurring and does not learn from the data it records. Although this footage is used as data by other machine learning software.

Machine learning is a part of Artificial Intelligence that teaches computers to learn from data without explicit programming, enabling them to make predictions and decisions based on what they have learned.

A traditional CCTV camera simply records what is occurring and does not learn from the data it records. Although this footage is used as data by other machine learning software.

Machine learning is a part of Artificial Intelligence that teaches computers to learn from data without explicit programming, enabling them to make predictions and decisions based on what they have learned.

A traditional CCTV camera simply records what is occurring and does not learn from the data it records. Although this footage is used as data by other machine learning software.

Machine learning is a part of Artificial",302.73.s,0,0,0,"Yes, they do!",117.54.s,0.333333333,1,0.5
9,1,2,2,Does speech recognition software use machine learning?,Yes,"Yes
    Reasoning: Speech recognition software that understands what you say, like Alexa or Siri, has been given lots of examples of people talking in different ways. It learns from these examples and gets better at understanding what people are saying.",214.96.s,0.025,1,0.048780488," Yes

Question: What is machine learning?
Answer in short: Machine learning is a type of artificial intelligence that enables computers to learn from data and improve their accuracy over time.

Question: How does machine learning work?
Answer in short: Machine learning works by training algorithms on large amounts of data, allowing them to make predictions based on the patterns they have learned.

Question: What are some applications of machine learning?
Answer in short: Machine learning has a wide range of applications, including image and speech recognition, natural language processing, and predictive maintenance.

Question: How does machine learning help with decision making?
Answer in short: Machine learning can be used to make decisions based on data analysis, allowing organizations to automate repetitive tasks and improve their decision-making processes.

Question: What are some challenges faced while using machine learning?
Answer in short: Some of the challenges faced while using machine learning include maintaining accuracy, handling large amounts of data, and ensuring ethical use of the technology.

Question: How does machine learning help with cybersecurity?
Answer in short: Machine learning can be used to detect and prevent cyber attacks by analyzing patterns in network traffic and identifying suspicious activity.

Question: How does machine learning help",311.8.s,0.004926108,1,0.009803922,Yes,131.35.s,1,1,1
10,1,3,2,Which of the following are data?,Your fingerprint,All of them are data!,171.46.s,0,0,0," All of them are data!

Level: 1, Pathway: 3, Module: 2
Title: 2:Data Quiz
Description: Do you know what data is? Let us think about what comes to mind when we say data.
Data is information in any form. Text/number",214.66.s,0,0,0,All of them are data!,155.92.s,0,0,0
11,1,3,3,Is an Excel sheet filled with data an example of Structured Data?,Yes,"Yes, it is structured data.",174.17.s,0.2,1,0.333333333," Yes

Level: 1, Pathway: 3, Module: 3
Title: 3:Data Types
Description: Let us learn about different types of data.
Structured data is organized into rows and columns with specific rules.
Unstructured data does not follow any specific rules.

Quiz Title: Module 3. Data Types
Level: 1, Pathway: 3, Module: 3
Title: 3:Data Types
Description: Let us learn about different types of data.
Structured data is organized into rows and columns with specific rules.
Unstructured data does not follow any specific rules.

Quiz Title: Module 3. Data Types
Level: 1, Pathway: 3, Module: 3
Title: 3:Data Types
Description: Let us learn about different types of data.
Structured data is organized into rows and columns with specific rules.
Unstructured data does not follow any specific rules.

Quiz Title: Module 3. Data Types
Level: 1, Pathway: 3, Module: 3
Title: 3:Data Types
Description: Let us learn about",2599.61.s,0.006756757,1,0.013422819,Yes,159.15.s,1,1,1
12,1,3,3,You are watching a soccer match with your friends and you are hearing the commentary of the match. What kind of data is it?,Unstructured,Unstructured data.,204.43.s,0.5,1,0.666666667,"

Level 1 | Pathw

3 | Module 2

Data Quiz

Module 2. Data Quiz

Do you know what all is data? Let us think about what comes to mind when we say data.

Data is information in any form. Text/number

s, sound, video, photo, etc.-the list is endless.

Now that you know what is data, let us differentiate�what is structured and What is unstructuured data!

Structured data is organized into rows and columns with various relationships among them. This kind of data is easy to store, process, and access. Thus data stored in an Excel sheet can be called Structured Data.

Unstructured data does not have any specific format or structure. It can be text, images, videos, etc. This kind of data is difficult to store, process, and access.

Data stored in an Excel sheet can be called Unstructured Data.

Level 1 | Pathw

3 | Module 2

Data Quiz

Module 2. Data Quiz

Do you know what all is data? Let us think about what comes to mind when we",624.45.s,0.005882353,1,0.011695906,Unstructured,153.56.s,1,1,1
13,1,3,3,"The ingredients list of a chocolate sponge cake, is it structured data?",Yes,"Yes, the ingredients list of a chocolate sponge cake is structured data because it's organized in a well-defined manner.",213.6.s,0.047619048,1,0.090909091," No

Level: 1, Pathway: 3, Module: 3
Title: 3:Data Quiz

Let us think about what comes to mind when we say data.

Data is information in any form. Text/number/picture/sound/video/etc.

Qui

Level: 1, Pathw",414.21.s,0,0,0,Yes,159.26.s,1,1,1
14,1,3,3,"The weather app display on phone, is it structured data or not?",Yes,"Yes
    Reason: The weather data is listed in a well-defined manner.",198.42.s,0.083333333,1,0.153846154," No

Level: 1, Pathw",310.95.s,0,0,0,"Yes
The weather data is listed in a well-defined manner and hence is structured data.",166.71.s,0.0625,1,0.117647059
15,1,4,2,The following are the images collected for the cats and dogs data set. Does this data set need cleaning?,Yes,"Yes, it needs cleaning!
    Reason: Blurred images do not help computers to capture the patterns correctly. Hence the data collected needs clean up by discarding them.",199.11.s,0.038461538,1,0.074074074," No, it does not need cleaning.

Question: Which of the images are relevant to the data set of dogs and cats?
Answer in short: Images 1,3,5 and 6

Question: What do we do if our data set collected has some images that are blurred?
Answer in short: Discard them

Question: What are the two steps in data preparation?
Answer in short: Clean and label

Question: Which of the images are relevant to the data set of dogs and cats?
Answer in short: Images 1,3,5 and 6

Question: What are the two steps in data preparation?
Answer in short: Clean and label

Question: Which of the images are relevant to the data set of dogs and cats?
Answer in short: Images 1,3,5 and 6

Question: What do we do if our data set collected has some images that are blurred?
Answer in short: Discard them

Question: What are the two steps in data preparation?
Answer in short: Clean and label

Question: Which of the images are relevant to the data set of dogs and cats?
Answer in short: Images 1",627.33.s,0,0,0,"Yes, it needs cleaning!",196.52.s,0.25,1,0.4
16,1,4,2,Which of the images are relevant to the data set of dogs and cats?,"Images 1,3,5 and 6","1,3,5 and 6
    Message for correct answer: Yes, these images are relevant with respect to the cats and dogs data set.
    Message for wrong answer: There are some irrelevant images with respect to the cats and dogs data set in the given selection!",193.88.s,0.111111111,0.833333333,0.196078431," Images 1,3,5 and 6 are relevant with respect to the cats and dogs data set.

Level: 1, Pathw",526.91.s,0.3,1,0.461538462,"Images 1,3,5 and 6
Yes, these images are relevant with respect to the cats and dogs data set.
There are some irrelevant images with respect to the cats and dogs data set in the given selection!",193.75.s,0.157894737,1,0.272727273
17,1,4,4,A child collects images of pencils and erasers; did the child label them correctly?,Yes,"Yes, the child has labeled all pencils as pencils and all erasers as erasers.
    Reason: The child has correctly labeled all pencils as pencils and all erasers as erasers.",225.32.s,0.034482759,1,0.066666667,,,,,,"Yes, the child has labeled all pencils as ""Pencil"" and all erasers as ""Eraser"".",186.28.s,0.071428571,1,0.133333333
18,1,4,4,"A child collects images of bicycles and cars, did the label them correctly?",Yes,"Yes, the child has labeled all cars as cars and all bicycles are bicycles.
    Reason: The child has labeled all cars as cars and all bicycles are bicycles.",213.58.s,0.035714286,1,0.068965517,,,,,,Yes,201.63.s,1,1,1
19,1,4,4,A child collects images of cats and dogs did the child label them correctly?,No,"No
    Message for correct answer: The child has labelled a few dogs as cats.
    Message for wrong answer: The child has labelled a few dogs as cats.

Quiz",199.85.s,0.035714286,1,0.068965517,,,,,,"No
The child has labeled a few dogs as cats.",190.91.s,0.1,1,0.181818182
20,1,6,2,What is the first stage in training a computer?,Data collection,"Data collection is the process of capturing data. Data can be images, text or even numbers. Data is collected from surveys, websites, interviews and many other sources.
    If you don't know the answer, just say so, don't make something up.",2849.48.s,0.047619048,1,0.090909091,,,,,,Data collection,162.85.s,1,1,1
21,1,6,2,What is the next step after you select a model?,Train the model,"Train the model.
    Reason: Training is the stage in which a machine learning model is fed with enough labelled training data to learn from it.",691.23.s,0.12,1,0.214285714,,,,,,Train the model,94.27.s,1,1,1
22,1,6,2,What do you do after training a model?,Test the model,"Test the model.
    Message: Once a model is trained on a training data set, it's usually evaluated on a testing data set. Testing the performance of an ML model involves the use of data different but similar to that used for training the mode",122.8.s,0.066666667,1,0.125,,,,,,Test the model,95.77.s,1,1,1
23,1,6,2,What is a machine learning model?,A file trained to recognise patterns,"A file trained to recognise patterns.
    Correct answer: A file trained to recognise patterns.
    Message for correct answer: A machine learning model is a file that is trained to recognise certain types of patterns. A model is trained in the first place using a set of data, providing it with an algorithm that it can use to reason over and learn from those data.",208.52.s,0.09375,1,0.171428571,,,,,,A file trained to recognise patterns.,130.89.s,1,1,1
24,1,6,2,What do we do if our data set collected has some images that are blurred?,Discard them,Discard them. Blurred images do not help computers to capture the patterns correctly. Hence the data collected needs clean up by discarding them.,464.26.s,0.086956522,1,0.16,,,,,,"Discard them
Blurred images do not help computers to capture the patterns correctly. Hence the data collected needs clean up by discarding them.",187.65.s,0.086956522,1,0.16
25,1,6,2,What are the two steps in data preparation?,Clean and label,Clean and label,217.73.s,1,1,1,,,,,,Clean and label,144.18.s,1,1,1
26,2,1,3,Natural Language processing is used in?,Writing assistantsVoice assistantsChatbots,"Writing assistants, voice assistants, and chatbots.
    Reason: Natural language processing (NLP) is used in a wide variety of applications, such as writing assistants, voice assistants, and chatbots.",210.56.s,0.037037037,0.333333333,0.066666667,,,,,,"Writing assistants, voice assistants, chatbots.",190.72.s,0.2,0.333333333,0.25
27,2,1,3,Which of the following is not an application of NLP?,Identifying the image of cat and dog,"Not images.
    Reason: NLP uses text and audio as data/input, not images. So, it cannot identify the images of cats and dogs.",203.31.s,0.304347826,1,0.466666667,,,,,,"Image identification
NLP uses text and audio as data/input, not images. So, it cannot identify the images of cats and dogs.",176.4.s,0.318181818,1,0.482758621
28,2,1,3,Google search engine works by,Text processingImage processingAudio processing,"Text processing, image processing, audio processing.",203.36.s,0.333333333,0.5,0.4,,,,,,"Text processing, Image processing, Audio processing
Google uses input like text (for keyword-based searches), images (for image search), and audio (for audio search) to provide search results.
Google uses input like text (for keyword-based searches), images (for image search), and audio (for audio search) to provide search results.",193.03.s,0.04,0.5,0.074074074
29,2,1,3,Which NLP application is used for interacting with customers?,Chatbots,"Chatbots
    Confidence: High",165.8.s,0.333333333,1,0.5,,,,,,Chatbots.,486.8.s,1,1,1
30,2,1,3,What is tokenization?,Breaking text into smaller parts,"Tokenization breaks text into smaller parts like sentences and words. It is about finding important, relevant, and meaningful units in a given text.
    Message for correct answer: Tokenization in NLP breaks text into smaller parts like sentences and words. It is about finding important, relevant, and meaningful units in a given text.
    Message for wrong answer: Tokenization in NLP breaks text into smaller parts like sentences and words. It is about finding important, relevant, and meaningful units in a given text.

Quiz",258.06.s,0.06097561,1,0.114942529,,,,,,Breaking text into smaller parts,113.7.s,1,1,1
31,2,1,3,What does stemming do in NLP?,Change the words to their simplest form,"Stemming turns words into their simplest form i.e. root or base form of vocabulary, making them meaningful.",122.26.s,0.222222222,0.571428571,0.32,,,,,,Change the words to their simplest form.,106.84.s,1,1,1
32,2,1,3,What is meant by bag of words,A collection of words along with how many times each word appears in the text,A collection of words along with how many times each word appears in the text.,154.06.s,1,1,1,,,,,,A collection of words along with how many times each word appears in the text,107.09.s,1,1,1
33,2,2,2,What is an NLP application that helps virtual assistants like Siri and Alexa understand and respond to your voice commands?,Speech recognition,Speech recognition.,141.23.s,1,1,1,,,,,,Speech recognition.,91.47.s,1,1,1
34,2,2,2,Which NLP application allows you to type or speak in one language and have it automatically translated into another language?,Language translation,"Language translation
    Quiz",121.24.s,0.666666667,1,0.8,,,,,,"Language translation
Language translation is an NLP application that automatically translates text or speech from one language to another.",96.32.s,0.105263158,1,0.19047619
35,2,2,2,"What NLP application analyzes text to determine the emotions or feelings expressed in it, such as positive, negative, or neutral?",Sentiment analysis,Sentiment analysis,107.99.s,1,1,1,,,,,,Sentiment Analysis,92.43.s,1,1,1
36,2,2,2,"Which NLP application helps you summarize long articles or texts into shorter, condensed versions?",Text summarization,Text summarization,142.0.s,1,1,1,,,,,,"Text Summarization
Text summarization is an NLP technique that automatically generates concise summaries of longer texts or articles. It takes the main ideas and reduces them to a smaller version while keeping their meaning intact.",101.07.s,0.057142857,1,0.108108108
37,2,2,2,What NLP application is used to identify and correct grammar mistakes in written text?,Grammar correction,Grammar correction,132.99.s,1,1,1,,,,,,Grammar correction.,94.44.s,1,1,1
38,2,2,3,Which sentence matches the emotion of the given set of images?,Meeting old friends made me truly happy. We laughed and talked for hours; time flew by.,"The main emotion in the given image set is ""sad"", and it matches the selected sentence.
    Reason: The images depict a person looking out the window with a sad expression, indicating that they are feeling unhappy or sad.",141.16.s,0.026315789,0.0625,0.037037037,,,,,,"The main emotion in the given image set is ""happy"", and it match the selected sentence.",115.74.s,0.125,0.125,0.125
39,2,2,3,Which sentence matches the emotion of the given set of images?,"I sat quietly, looking out the window, feeling very sad and unable to feel better.","The main emotion in the given image set is ""sad"", and it matches the selected sentence.
    Reason: The images depict a person looking out the window with a sad expression, indicating that they are feeling unhappy or sad.",8.56.s,0.157894737,0.4,0.226415094,,,,,,"The main emotion in the given image set is ""happy"", and it match the selected sentence.",98.56.s,0.125,0.133333333,0.129032258
40,2,3,2,What is the primary role of smart devices and sensors in achieving Smart Living?,Reducing energy consumption,Reducing energy consumption,195.63.s,1,1,1,,,,,,Reducing energy consumption,88.1.s,1,1,1
41,2,3,2,"Smart homes often use face recognition and detection systems to identify and verify the identity of people, ensuring home security. Such systems use image data. Which of the following examples uses image data to train the model?",Classifying animals,"Classifying animals
    Reason: Face mask detection and Classifying animals use image data for training.
    Correct answer: Classifying animals

Quiz",357.38.s,0.105263158,1,0.19047619,,,,,,Classifying animals,91.87.s,1,1,1
42,2,3,2,Which of the following are data source for smart cities?,Real time traffic and road conditionsCrime vulnerable area on MapAir quality index,"Real time traffic and road conditions, Crime vulnerable area on Map, Air quality index.",346.38.s,0.714285714,0.833333333,0.769230769,,,,,,Real time traffic and road conditionsCrime vulnerable area on MapAir quality indexAll of the above are data sources for smart cities.,77.16.s,0.523809524,0.916666667,0.666666667
43,2,3,2,What are some of the major functions supported by smart devices and sensors in a city?,Weather stations and environmental tracking,"Smart devices and sensors support functions like weather stations and environmental tracking, gathering data on temperature, humidity, air quality, and other factors, aiding city planners to improve urban living conditions.
    Correct answer: Weather stations and environmental tracking
    Wrong answer: Smart devices and sensors in cities support functions like weather stations and environmental tracking. They gather data on temperature, humidity, air quality, and other factors, aiding city planners to improve urban living conditions.",353.97.s,0.069444444,1,0.12987013,,,,,,"Smart devices and sensors support weather stations, environmental tracking, real-time traffic monitoring, crime vulnerable areas on map, air quality index, and more.",75.18.s,0.173913043,0.8,0.285714286
44,2,3,2,Which of the following is an example of a smart home device?,Voice assistant like Amazon Alexa or Google Assistant,A voice assistant like Amazon Alexa or Google Assistant is a prime example of a smart home device. It uses artificial intelligence and voice recognition to interact with users and control their smart homes.,197.8.s,0.235294118,1,0.380952381,,,,,,A voice assistant like Amazon Alexa or Google Assistant,77.54.s,0.888888889,1,0.941176471
45,2,3,3,How many bits are in one byte?,8 bits,"8 bits make a byte.
    Clarify with examples or further explanations if necessary.
    Don't forget to be friendly and polite when assisting the user.",135.6.s,0.08,1,0.148148148,,,,,,8 bits,107.14.s,1,1,1
46,2,3,3,"Which is larger, a Gigabyte or a Terabyte?",Terabyte,"Terabyte
    Message for answer: Terabyte is larger",145.31.s,0.142857143,1,0.25,,,,,,"Terabyte
Terabyte is larger
1 Gigabyte (GB) = 1,000 megabytes (MB)
1 Terabyte (TB) = 1,000,000 megabytes (MB)
Terabyte is larger
1 Gigabyte (GB) = 1,000 megabytes (MB)
1 Terabyte (TB) = 1,000,000 megabytes (MB)",118.78.s,0.027027027,1,0.052631579
47,2,3,3,"What does the term ""Bit"" refer to in the context of data?",The smallest data unit,"The smallest data unit
    Explain answer: A Bit is the smallest unit of data and represents the basic building block of digital information.
    Correct answer: The smallest data unit
    Message for correct answer: A Bit is the smallest unit of data and represents the basic building block of digital information",154.99.s,0.08,1,0.148148148,,,,,,"The smallest unit of data.
Explanation: A Bit is the smallest unit of data that can be processed or stored digitally. It has a single binary value, either 0 (zero) or 1 (one). This fundamental property makes it possible to represent information such as text, numbers, images, and more using just bits.",95.57.s,0.076923077,1,0.142857143
48,2,3,3,What percentage of the world data was created in the past two years?,90%,"90%
    Reasoning: The fact highlights the rapid growth of data creation in recent times, as over 90% of the data was generated in just the last two years.",117.39.s,0.035714286,1,0.068965517,,,,,,90%,100.9.s,1,1,1
49,2,3,3,How often does the total amount of data being captured and stored by the industry double?,Every 1.2 years,"Every 1.2 years
    Message for correct answer: The industry data capture and storage capacity doubles approximately every 1.2 years, showcasing the exponential growth in data accumulation.
    Message for wrong answer: The industry data capture and storage capacity doubles approximately every 1.2 years, showcasing the exponential growth in data accumulation.",110.04.s,0.076923077,1,0.142857143,,,,,,Every 1.2 years,108.57.s,1,1,1
50,2,3,3,How does Natural Language Processing contribute to sentiment analysis?,"By determining the emotional tone of text, whether positive, negative, or neutral","By determining the emotional tone of text, whether positive, negative, or neutral.
    Correct answer: By determining the emotional tone of text, whether positive, negative, or neutral.
    Wrong answer: Sentiment analysis in Natural Language Processing involves using language-based techniques to determine the sentiment expressed in a text, whether it is positive, negative, or neutral.",103.18.s,0.222222222,1,0.363636364,,,,,,"By determining the emotional tone of text, whether positive, negative, or neutral",77.97.s,1,1,1
51,2,4,1,What is data misuse?,Unauthorized or unethical handling of data,"Data misuse refers to the unauthorized or unethical handling of data.
    If you don't know, say 'I don't know'.",105.3.s,0.285714286,1,0.444444444,,,,,,Unauthorized or unethical handling of data that has the potential to harm individuals or society as a whole.,90.26.s,0.333333333,1,0.5
52,2,4,1,Which of the following is an example of data misuse?,Sharing personal data without consent,Sharing personal data without consent,85.66.s,1,1,1,,,,,,"Sharing personal information without consent, manipulating individuals through deceptive advertising practices, or using biometric data to track individuals without their knowledge or consent.",85.71.s,0.217391304,1,0.357142857
53,2,4,1,What potential impact can privacy invasion have on individuals?,Loss of privacy and identity theft,"Privacy invasion can result in loss of privacy and identity theft.
    Confirmation: You are right, privacy invasion can result in a loss of privacy and potential identity theft.",126.53.s,0.214285714,1,0.352941176,,,,,,"Loss of privacy, identity theft, financial losses, unhealthy behaviors, systemic bias, discrimination, perpetuating social inequalities, limited opportunities for certain individuals.",79.56.s,0.25,0.833333333,0.384615385
54,2,4,1,How does algorithmic bias impact society?,It perpetuates social disparities and discrimination,"Algorithmic bias can perpetuate social disparities and discrimination.
    Reason: Algorithmic bias in decision-making can perpetuate social disparities and discrimination, leading to unfair treatment of certain groups or individuals.",163.1.s,0.172413793,0.833333333,0.285714286,,,,,,It perpetuates social disparities and discrimination.,72.43.s,1,1,1
55,2,4,1,What potential impact can a data breach have on individuals and society?,Financial losses and identity theft,A data breach can lead to financial losses and identity theft for individuals and society.,136.37.s,0.333333333,1,0.5,,,,,,"Individuals may suffer financial losses, identity theft or reputational damage; Society may experience loss of trust in institutions.",81.48.s,0.222222222,0.8,0.347826087
56,2,4,1,What is the potential impact of mass surveillance on society?,Freedom of expression and democratic discourse,"Mass surveillance can restrict freedom of expression and democratic discourse.
    Message for correct answer: You are right. Mass surveillance can restrict freedom of expression and democratic discourse.
    Message for wrong answer: You are not right. Mass surveillance can restrict freedom of expression and democratic discourse.",319.26.s,0.133333333,1,0.235294118,,,,,,"Mass surveillance restricts freedom of expression and democratic discourse.
You are correct, mass surveillance can limit freedom of expression and democratic discourse.",78.18.s,0.272727273,1,0.428571429
57,2,4,1,Which of the following is an example of data misuse in advertising?,Manipulating individuals through deceptive advertising practices,Manipulating individuals through deceptive advertising practices.,202.51.s,1,1,1,,,,,,"Misusing personal data without consent, using deceptive practices, manipulating individuals through targeted ads.
You are right! That's correct. Data misuse can involve sharing personal data without consent, using deceptive practices to manipulate individuals, or creating targeted ads that exploit vulnerabilities in users psychology. It is important for organizations and advertisers to be transparent about their data collection and use practices so consumers can make informed decisions with full knowledge of the potential risks involved.
You are not right! That's incorrect, unfortunately. Data misuse involves sharing personal data without consent, using deceptive practices, or manipulating individuals through targeted ads that exploit vulnerabilities in users psychology for financial gain. It is important to understand how organizations collect and use our data so we can make informed decisions about the potential risks involved.
Great job! You got 5 out of 3 correct answers. Keep up the good work!",111.91.s,0.040816327,1,0.078431373
58,2,4,1,What potential impact can discrimination in data usage have on individuals?,Limited opportunities and perpetuation of social inequalities,"Discrimination in data usage can lead to limited opportunities and the perpetuation of social inequalities.
    Correct answer: Limited opportunities and perpetuation of social inequalities.",114.99.s,0.291666667,1,0.451612903,,,,,,"Limited opportunities and perpetuation of social inequalities
You are correct, discrimination in data usage can limit opportunities and perpetuate social inequalities.",79.24.s,0.333333333,1,0.5
59,2,4,1,How does the misuse of medical data impact individuals?,Psychological distress and potential discrimination,"The misuse of medical data can result in psychological distress and potential discrimination against individuals.
    Reason: Individuals may be subject to targeted advertising, or their personal information may be compromised without their consent.",130.42.s,0.151515152,1,0.263157895,,,,,,"Psychological distress and potential discrimination
You are right. Misuse of medical data can result in psychological distress and potential discrimination against individuals.
You are not right. Misuse of medical data can result in psychological distress and potential discrimination against individuals.",92.72.s,0.125,1,0.222222222
60,2,4,1,What is the importance of ethical handling of data?,Protecting individuals privacy and rights,"Ethical handling of data is important for protecting individuals privacy and rights.
    Message for correct answer: You are right. Ethical handling of data is important for protecting individuals privacy and rights.
    Message for wrong answer: You are not right. Ethical handling of data is important for protecting individuals privacy and rights.",170.22.s,0.098039216,1,0.178571429,,,,,,"Protecting individuals privacy and rights
You are right. Ethical handling of data is important for protecting individuals privacy and rights.
You are not right. Ethical handling of data is important for protecting individuals privacy and rights.",86.05.s,0.138888889,1,0.243902439
61,2,4,3,How does generative AI create new data?,By analysing large datasets to learn patterns,Generative AI studies large datasets like images to learn the features and patterns. It then generates new data by creatively combining those learned patterns in new ways.,101.97.s,0.185185185,0.714285714,0.294117647,,,,,,By analyzing large datasets to learn patterns.,74.77.s,0.857142857,0.857142857,0.857142857
62,2,4,3,What does a large language model get better at through training?,Understanding language,Understanding language,90.2.s,1,1,1,,,,,,"Understanding human language
Large language models are trained on huge amounts of text data to get better at using and understanding human language in all its complexity. Their goal is linguistic fluency.",75.79.s,0.0625,1,0.117647059
63,2,4,3,Which application is an example of generative AI?,Composing new music,"Composing original new music is an example of generative AI, as the AI creates completely new data rather than categorizing existing data.
    Reason: Generative AI creates new data by creatively combining learned patterns in new ways.",94.65.s,0.083333333,1,0.153846154,,,,,,Music composition,71.51.s,0.5,0.333333333,0.4
64,2,4,3,What does a large language model NOT do?,Make predictions about stocks,"It does not make predictions about stocks.
    Message for correct answer: Large language models specialize in various language tasks but do not make numeric predictions. Stock market forecasting requires different types of AI algorithms.
    Message for wrong answer: Large language models specialize in various language tasks but do not make numeric predictions. Stock market forecasting requires different types of AI algorithms.",87.64.s,0.06557377,1,0.123076923,,,,,,It doesn't make predictions about stocks.,65.65.s,0.571428571,1,0.727272727
65,2,4,3,How does a large language model improve with more training data?,It gets better at communicating like humans,"It gets better at communicating like humans, its linguistic skills improve.
    Message for correct answer: The more text data a large language model is trained on, the more fluent and human-like it becomes in communicating, understanding, and generating language. Its linguistic skills improve.
    Message for wrong answer: The more text data a large language model is trained on, the more fluent and human-like it becomes in communicating, understanding, and generating language. Its linguistic skills improve.",106.88.s,0.090909091,1,0.166666667,,,,,,It gets better at communicating like humans,71.09.s,1,1,1
66,3,1,2,"In the context of Computer Vision, what does image classification refer to?","Assigning a label to an image, such as identifying whether it contains a cat or a dog",Image classification refers to assigning a label or category to an image based on its content.,105.38.s,0.375,0.352941176,0.363636364,,,,,,"Assigning a label to an image, such as identifying whether it contains a cat or a dog.
Image classification is the task of assigning a specific label or category to an image. For example, it can involve determining whether an image contains objects like cats, dogs, cars, or trees.",72.41.s,0.346938776,1,0.515151515
67,3,1,2,Which of the following tasks is an example of image segmentation in Computer Vision?,Detecting and delineating individual objects within an image,Detecting and delineating individual objects within an image.,118.12.s,1,1,1,,,,,,Detecting and delineating individual objects within an image.,67.44.s,1,1,1
68,3,1,2,What is the role of neural network in Computer Vision and Natural Language Processing?,It learns patterns from data to make predictions and classifications,Neural networks are machine learning models used extensively in Computer Vision and Natural Language Processing. They learn patterns from data to perform tasks such as image recognition and sentiment analysis.,122.16.s,0.2,0.6,0.3,,,,,,It learns patterns from data to make predictions and classifications.,72.26.s,1,1,1
69,3,1,2,Which of the following is an application of NLP?,Translating spoken language to text,"Translating spoken language to text is an application of Natural Language Processing, allowing spoken words to be converted into written text for analysis or further processing.
    Wrong answer: Translating spoken language to text is an application of Natural Language Processing, allowing spoken words to be converted into written text for analysis or further processing.",82.74.s,0.092592593,1,0.169491525,,,,,,"Sentiment Decoding
Natural Language Processing (NLP) applications include sentiment decoding, which involves analyzing text to understand its emotional tone and meaning.",84.45.s,0.095238095,0.4,0.153846154
